<?xml version="1.0" encoding="UTF-8"?>
<project-private xmlns="http://www.netbeans.org/ns/project-private/1">
    <editor-bookmarks xmlns="http://www.netbeans.org/ns/editor-bookmarks/2" lastBookmarkId="0"/>
    <open-files xmlns="http://www.netbeans.org/ns/projectui-open-files/2">
        <group>
            <file>file:/G:/aust%202.1/sd%20project%20last/Library/src/AddBook.java</file>
            <file>file:/G:/aust%202.1/sd%20project%20last/Library/src/Login.java</file>
            <file>file:/G:/aust%202.1/sd%20project%20last/Library/src/main.java</file>
            <file>file:/G:/aust%202.1/sd%20project%20last/Library/src/mem.java</file>
        </group>
    </open-files>
</project-private>
