<?xml version="1.0" encoding="UTF-8"?>
<project-private xmlns="http://www.netbeans.org/ns/project-private/1">
    <editor-bookmarks xmlns="http://www.netbeans.org/ns/editor-bookmarks/2" lastBookmarkId="0"/>
    <open-files xmlns="http://www.netbeans.org/ns/projectui-open-files/2">
        <group>
            <file>file:/E:/Library/src/Forgot.java</file>
            <file>file:/E:/Library/src/main.java</file>
            <file>file:/E:/Library/src/student.java</file>
            <file>file:/E:/Library/src/Newbook.java</file>
            <file>file:/E:/Library/src/Signup.java</file>
            <file>file:/E:/Library/src/javaconnect.java</file>
            <file>file:/E:/Library/src/openlibrary.java</file>
            <file>file:/E:/Library/src/Fpage.java</file>
            <file>file:/E:/Library/src/issue.java</file>
            <file>file:/E:/Library/src/Login.java</file>
        </group>
    </open-files>
</project-private>
